10340202,17EXC-5823_10-12-2017.csv,PERALTA AVE,HAMPSHIRE ST,YORK ST,"LINESTRING (-122.40627489694548 37.74785854926753, -122.40644965219614 37.7477607499549, -122.40663114884879 37.747719082777365, -122.40691547889465 37.74763074443482, -122.4071644877197 37.74752377746787, -122.40727092866534 37.747430714400544)"
10341000,17EXC-5823_10-12-2017.csv,PERALTA AVE,YORK ST,FRANCONIA ST,"LINESTRING (-122.40727092866534 37.747430714400544, -122.40843956768204 37.7469230375986)"
10348000,17EXC-5823_10-12-2017.csv,PERALTA AVE,RIPLEY ST \ SAMOSET ST,ESMERALDA AVE \ FRANCONIA ST,"LINESTRING (-122.40869030551895 37.74442749601935, -122.40859103806721 37.7433527939515)"
11841000,17EXC-5934_10-25-2017.csv,SHOTWELL ST,23RD ST,24TH ST,"LINESTRING (-122.41532013934126 37.75403353372812, -122.41517228928016 37.75243964536194)"
504000,17EXC-6271_11-17-2017.csv,11TH AVE,LAWTON ST,MORAGA ST,"LINESTRING (-122.4680603432952 37.758350884667074, -122.46793163929111 37.75648620478338)"
1151000,17EXC-6271_11-17-2017.csv,22ND AVE,TARAVAL ST,ULLOA ST,"LINESTRING (-122.478904793683 37.74290863748721, -122.47877437795526 37.741042980714724)"
1391000,17EXC-6271_11-17-2017.csv,25TH AVE,TARAVAL ST,ULLOA ST,"LINESTRING (-122.48212164859629 37.74276728291701, -122.4819894364766 37.74090010028826)"
9953000,18EXC-2853_06-19-2018.csv,ONONDAGA AVE,ALEMANY BLVD,ROSELLA CT,"LINESTRING (-122.43864176018945 37.72162638323965, -122.4391681470928 37.72183387822526)"
9953000,18EXC-2853_06-19-2018.csv,ONONDAGA AVE,ALEMANY BLVD,ROSELLA CT,"LINESTRING (-122.43864176018945 37.72162638323965, -122.4391681470928 37.72183387822526)"
,18EXC-2853_06-19-2018.csv,RUSSIA AVE,LONDON ST,Intersection,
2656000,18EXC-3357_07-20-2018.csv,BALBOA ST,12TH AVE,FUNSTON AVE,"LINESTRING (-122.47043296589781 37.77694147134164, -122.47150599445499 37.77689255619793)"
9953000,18EXC-3663_08-10-2018.csv,ONONDAGA AVE,ALEMANY BLVD,ROSELLA CT,"LINESTRING (-122.43864176018945 37.72162638323965, -122.4391681470928 37.72183387822526)"
9953000,18EXC-3663_08-10-2018.csv,ONONDAGA AVE,ALEMANY BLVD,ROSELLA CT,"LINESTRING (-122.43864176018945 37.72162638323965, -122.4391681470928 37.72183387822526)"
,18EXC-3663_08-10-2018.csv,RUSSIA AVE,LONDON ST,Intersection,
3830000,19EXC-00242_01-17-2019.csv,CAYUGA AVE,SAN JUAN AVE,SANTA YNEZ AVE,"LINESTRING (-122.43793362645889 37.72509445580892, -122.4382724344347 37.724469324030096, -122.43868400798348 37.72380932463071)"
3830000,19EXC-00242_01-17-2019.csv,CAYUGA AVE,SAN JUAN AVE,SANTA YNEZ AVE,"LINESTRING (-122.43793362645889 37.72509445580892, -122.4382724344347 37.724469324030096, -122.43868400798348 37.72380932463071)"
3831000,19EXC-00242_01-17-2019.csv,CAYUGA AVE,SANTA YNEZ AVE,OCEAN AVE,"LINESTRING (-122.43868400798348 37.72380932463071, -122.43880857361339 37.72360127617705)"
3832000,19EXC-00242_01-17-2019.csv,CAYUGA AVE,OCEAN AVE,VALERTON CT,"LINESTRING (-122.43880857361339 37.72360127617705, -122.43935007345775 37.72273343290784)"
3832000,19EXC-00242_01-17-2019.csv,CAYUGA AVE,OCEAN AVE,VALERTON CT,"LINESTRING (-122.43880857361339 37.72360127617705, -122.43935007345775 37.72273343290784)"
9809101,19EXC-00242_01-17-2019.csv,OCEAN AVE,CAYUGA AVE,WANDA ST,"LINESTRING (-122.43880857361339 37.72360127617705, -122.43890880622583 37.723558215927184, -122.43976106187954 37.72345969899837, -122.43985044107784 37.72348084087416)"
9809201,19EXC-00242_01-17-2019.csv,OCEAN AVE,CAYUGA AVE,WANDA ST,"LINESTRING (-122.43880857361339 37.72360127617705, -122.43890414397927 37.7236198844567, -122.43976274522907 37.72352063402878, -122.43985044107784 37.72348084087416)"
11597000,19EXC-00242_01-17-2019.csv,SANTA YNEZ AVE,CAYUGA AVE,CAPISTRANO AVE,"LINESTRING (-122.43868400798348 37.72380932463071, -122.43933877914422 37.724159110988886)"
10960000,19EXC-01003_03-28-2019.csv,REGENT ST,CAYUGA AVE,ALEMANY BLVD \ I-280 N ON RAMP \ SAN JOSE AVE,"LINESTRING (-122.45580719577693 37.709213687915195, -122.45679740584198 37.70988298739408, -122.45706838777518 37.710110915224234)"
10960000,19EXC-01003_03-28-2019.csv,REGENT ST,CAYUGA AVE,ALEMANY BLVD \ I-280 N ON RAMP \ SAN JOSE AVE,"LINESTRING (-122.45580719577693 37.709213687915195, -122.45679740584198 37.70988298739408, -122.45706838777518 37.710110915224234)"
2953000,19EXC-02176_04-15-2019.csv,BERRY ST,03RD ST,04TH ST,"LINESTRING (-122.391121418858 37.77755327717929, -122.39335512528692 37.77578731554277)"
10486000,19EXC-02176_04-15-2019.csv,PINE ST,FILLMORE ST,STEINER ST,"LINESTRING (-122.43364712402101 37.78795027250336, -122.4352931318896 37.78774116474385)"
10486000,19EXC-02176_04-15-2019.csv,PINE ST,FILLMORE ST,STEINER ST,"LINESTRING (-122.43364712402101 37.78795027250336, -122.4352931318896 37.78774116474385)"
12139000,19EXC-02176_04-15-2019.csv,STEINER ST,PINE ST,CALIFORNIA ST,"LINESTRING (-122.4352931318896 37.78774116474385, -122.4354855640581 37.78869694020915)"
12139000,19EXC-02176_04-15-2019.csv,STEINER ST,PINE ST,CALIFORNIA ST,"LINESTRING (-122.4352931318896 37.78774116474385, -122.4354855640581 37.78869694020915)"
10960000,19EXC-02276_04-23-2019.csv,REGENT ST,CAYUGA AVE,ALEMANY BLVD \ I-280 N ON RAMP \ SAN JOSE AVE,"LINESTRING (-122.45580719577693 37.709213687915195, -122.45679740584198 37.70988298739408, -122.45706838777518 37.710110915224234)"
10960000,19EXC-02276_04-23-2019.csv,REGENT ST,CAYUGA AVE,ALEMANY BLVD \ I-280 N ON RAMP \ SAN JOSE AVE,"LINESTRING (-122.45580719577693 37.709213687915195, -122.45679740584198 37.70988298739408, -122.45706838777518 37.710110915224234)"
7977000,19EXC-02277_04-23-2019.csv,LAGUNA ST,GREEN ST,UNION ST,"LINESTRING (-122.4303705699582 37.79678326122381, -122.4305589602195 37.79771621237036)"
7978000,19EXC-02277_04-23-2019.csv,LAGUNA ST,UNION ST,FILBERT ST,"LINESTRING (-122.4305589602195 37.79771621237036, -122.43074718723668 37.79864833758861)"
,19EXC-02277_04-23-2019.csv,UNION ST,LAGUNA ST,Intersection,
7977000,19EXC-02652_05-09-2019.csv,LAGUNA ST,GREEN ST,UNION ST,"LINESTRING (-122.4303705699582 37.79678326122381, -122.4305589602195 37.79771621237036)"
7978000,19EXC-02652_05-09-2019.csv,LAGUNA ST,UNION ST,FILBERT ST,"LINESTRING (-122.4305589602195 37.79771621237036, -122.43074718723668 37.79864833758861)"
,19EXC-02652_05-09-2019.csv,UNION ST,LAGUNA ST,Intersection,
3830000,19EXC-04809_11-25-2019.csv,CAYUGA AVE,SAN JUAN AVE,SANTA YNEZ AVE,"LINESTRING (-122.43793362645889 37.72509445580892, -122.4382724344347 37.724469324030096, -122.43868400798348 37.72380932463071)"
3830000,19EXC-04809_11-25-2019.csv,CAYUGA AVE,SAN JUAN AVE,SANTA YNEZ AVE,"LINESTRING (-122.43793362645889 37.72509445580892, -122.4382724344347 37.724469324030096, -122.43868400798348 37.72380932463071)"
3831000,19EXC-04809_11-25-2019.csv,CAYUGA AVE,SANTA YNEZ AVE,OCEAN AVE,"LINESTRING (-122.43868400798348 37.72380932463071, -122.43880857361339 37.72360127617705)"
3832000,19EXC-04809_11-25-2019.csv,CAYUGA AVE,OCEAN AVE,VALERTON CT,"LINESTRING (-122.43880857361339 37.72360127617705, -122.43935007345775 37.72273343290784)"
3832000,19EXC-04809_11-25-2019.csv,CAYUGA AVE,OCEAN AVE,VALERTON CT,"LINESTRING (-122.43880857361339 37.72360127617705, -122.43935007345775 37.72273343290784)"
9809101,19EXC-04809_11-25-2019.csv,OCEAN AVE,CAYUGA AVE,WANDA ST,"LINESTRING (-122.43880857361339 37.72360127617705, -122.43890880622583 37.723558215927184, -122.43976106187954 37.72345969899837, -122.43985044107784 37.72348084087416)"
9809201,19EXC-04809_11-25-2019.csv,OCEAN AVE,CAYUGA AVE,WANDA ST,"LINESTRING (-122.43880857361339 37.72360127617705, -122.43890414397927 37.7236198844567, -122.43976274522907 37.72352063402878, -122.43985044107784 37.72348084087416)"
11597000,19EXC-04809_11-25-2019.csv,SANTA YNEZ AVE,CAYUGA AVE,CAPISTRANO AVE,"LINESTRING (-122.43868400798348 37.72380932463071, -122.43933877914422 37.724159110988886)"
13442000,19EXC-05122_11-20-2019.csv,WASHINGTON ST,DIVISADERO ST,BRODERICK ST,"LINESTRING (-122.4409843811971 37.79075546214281, -122.44265435316025 37.79053945387109)"
13442000,19EXC-07082_12-12-2019.csv,WASHINGTON ST,DIVISADERO ST,BRODERICK ST,"LINESTRING (-122.4409843811971 37.79075546214281, -122.44265435316025 37.79053945387109)"
3830000,20EXC-00433_03-02-2020.csv,CAYUGA AVE,SAN JUAN AVE,SANTA YNEZ AVE,"LINESTRING (-122.43793362645889 37.72509445580892, -122.4382724344347 37.724469324030096, -122.43868400798348 37.72380932463071)"
3830000,20EXC-00433_03-02-2020.csv,CAYUGA AVE,SAN JUAN AVE,SANTA YNEZ AVE,"LINESTRING (-122.43793362645889 37.72509445580892, -122.4382724344347 37.724469324030096, -122.43868400798348 37.72380932463071)"
3831000,20EXC-00433_03-02-2020.csv,CAYUGA AVE,SANTA YNEZ AVE,OCEAN AVE,"LINESTRING (-122.43868400798348 37.72380932463071, -122.43880857361339 37.72360127617705)"
3832000,20EXC-00433_03-02-2020.csv,CAYUGA AVE,OCEAN AVE,VALERTON CT,"LINESTRING (-122.43880857361339 37.72360127617705, -122.43935007345775 37.72273343290784)"
3832000,20EXC-00433_03-02-2020.csv,CAYUGA AVE,OCEAN AVE,VALERTON CT,"LINESTRING (-122.43880857361339 37.72360127617705, -122.43935007345775 37.72273343290784)"
9809101,20EXC-00433_03-02-2020.csv,OCEAN AVE,CAYUGA AVE,WANDA ST,"LINESTRING (-122.43880857361339 37.72360127617705, -122.43890880622583 37.723558215927184, -122.43976106187954 37.72345969899837, -122.43985044107784 37.72348084087416)"
9809201,20EXC-00433_03-02-2020.csv,OCEAN AVE,CAYUGA AVE,WANDA ST,"LINESTRING (-122.43880857361339 37.72360127617705, -122.43890414397927 37.7236198844567, -122.43976274522907 37.72352063402878, -122.43985044107784 37.72348084087416)"
11597000,20EXC-00433_03-02-2020.csv,SANTA YNEZ AVE,CAYUGA AVE,CAPISTRANO AVE,"LINESTRING (-122.43868400798348 37.72380932463071, -122.43933877914422 37.724159110988886)"
12145000,20EXC-03566_09-09-2020.csv,STEINER ST,JACKSON ST,PACIFIC AVE,"LINESTRING (-122.4362035078903 37.7922626192295, -122.43638103462622 37.79313672049739)"
12145000,20EXC-04106_10-20-2020.csv,STEINER ST,JACKSON ST,PACIFIC AVE,"LINESTRING (-122.4362035078903 37.7922626192295, -122.43638103462622 37.79313672049739)"
12145000,20EXC-04634_11-06-2020.csv,STEINER ST,JACKSON ST,PACIFIC AVE,"LINESTRING (-122.4362035078903 37.7922626192295, -122.43638103462622 37.79313672049739)"
1075000,20EXC-05157_12-09-2020.csv,21ST AVE,GEARY BLVD,ANZA ST,"LINESTRING (-122.48045062820822 37.780280238194585, -122.48031047223792 37.77835990646074)"
6078101,20EXC-05157_12-09-2020.csv,GEARY BLVD,21ST AVE,22ND AVE,"LINESTRING (-122.48045062820822 37.780280238194585, -122.48057133982151 37.78020313798423, -122.48138904595694 37.78017519454711, -122.48151572251682 37.780225818904455)"
6078201,20EXC-05157_12-09-2020.csv,GEARY BLVD,21ST AVE,22ND AVE,"LINESTRING (-122.48045062820822 37.780280238194585, -122.48057523394039 37.780349158135785, -122.48139256296217 37.78030701947261, -122.48151572251682 37.780225818904455)"
1075000,21EXC-00251_01-19-2021.csv,21ST AVE,GEARY BLVD,ANZA ST,"LINESTRING (-122.48045062820822 37.780280238194585, -122.48031047223792 37.77835990646074)"
6078101,21EXC-00251_01-19-2021.csv,GEARY BLVD,21ST AVE,22ND AVE,"LINESTRING (-122.48045062820822 37.780280238194585, -122.48057133982151 37.78020313798423, -122.48138904595694 37.78017519454711, -122.48151572251682 37.780225818904455)"
6078201,21EXC-00251_01-19-2021.csv,GEARY BLVD,21ST AVE,22ND AVE,"LINESTRING (-122.48045062820822 37.780280238194585, -122.48057523394039 37.780349158135785, -122.48139256296217 37.78030701947261, -122.48151572251682 37.780225818904455)"
3559000,21EXC-00760_02-22-2021.csv,CALIFORNIA ST,STEINER ST,PIERCE ST,"LINESTRING (-122.4354855640581 37.78869694020915, -122.43712919543856 37.78848786226916)"
3560000,21EXC-00760_02-22-2021.csv,CALIFORNIA ST,PIERCE ST,SCOTT ST,"LINESTRING (-122.43712919543856 37.78848786226916, -122.43877333844212 37.78827839956956)"
,21EXC-00766_02-23-2021.csv,BAKER ST,CLAY ST,WASHINGTO N ST,
2624000,21EXC-00766_02-23-2021.csv,BAKER ST,WASHINGTON ST,JACKSON ST,"LINESTRING (-122.44430035186527 37.79032652255808, -122.44447831671435 37.7912078520192)"
,21EXC-00768_02-24-2021.csv,DIVISADERO ST,CLAY ST,WASHINGTO N ST,
,21EXC-00768_02-24-2021.csv,SCOTT ST,CLAY ST,WASHINGTO N ST,
6348000,21EXC-02072_05-05-2021.csv,GOUGH ST,FILBERT ST,GREENWICH ST,"LINESTRING (-122.42745729539372 37.79906668452498, -122.42764531131587 37.79999725732764)"
6476000,21EXC-02072_05-05-2021.csv,GREEN ST,STEINER ST,PIERCE ST,"LINESTRING (-122.43694967721655 37.795949364529676, -122.43859144652134 37.79574121167482)"
7981000,21EXC-02072_05-05-2021.csv,LAGUNA ST,GREENWICH ST,LOMBARD ST,"LINESTRING (-122.43093512280115 37.799578987399755, -122.43111529022428 37.80046921745188)"
5512000,21EXC-02292_05-17-2021.csv,FILBERT ST,HYDE ST,LARKIN ST,"LINESTRING (-122.41923294412008 37.80013393772013, -122.42076919546221 37.799938882679236, -122.42088263622418 37.79990243642142)"
5513000,21EXC-02292_05-17-2021.csv,FILBERT ST,LARKIN ST,POLK ST,"LINESTRING (-122.42088263622418 37.79990243642142, -122.42252521596211 37.799693672624144)"
6462000,21EXC-02292_05-17-2021.csv,GREEN ST,LEAVENWORTH ST,HAMLIN ST,"LINESTRING (-122.41721777135555 37.79847215390394, -122.41782929528475 37.79839485521271)"
6463000,21EXC-02292_05-17-2021.csv,GREEN ST,HAMLIN ST,HYDE ST,"LINESTRING (-122.41782929528475 37.79839485521271, -122.41885987535123 37.798264579509286)"
6464000,21EXC-02292_05-17-2021.csv,GREEN ST,HYDE ST,EASTMAN ST,"LINESTRING (-122.41885987535123 37.798264579509286, -122.41989229702261 37.798134061081264)"
6469000,21EXC-02292_05-17-2021.csv,GREEN ST,FRANKLIN ST,GOUGH ST,"LINESTRING (-122.42543686649972 37.79740835145034, -122.42708019341399 37.797200168696854)"
,21EXC-02292_05-17-2021.csv,HAMLIN ST,GREEN ST,Intersection,
7135000,21EXC-02292_05-17-2021.csv,HYDE ST,VALLEJO ST,GREEN ST,"LINESTRING (-122.41867166760116 37.79733382976606, -122.41885987535123 37.798264579509286)"
5763000,21EXC-02295_05-17-2021.csv,FRANCISCO ST,TAYLOR ST,COLUMBUS AVE,"LINESTRING (-122.41505227422658 37.8044809830306, -122.41605142351487 37.80435594637273)"
7595000,21EXC-02295_05-17-2021.csv,JONES ST,LOMBARD ST,CHESTNUT ST,"LINESTRING (-122.41632435551392 37.80241083182507, -122.41651077149892 37.80334796773457)"
8151000,21EXC-02295_05-17-2021.csv,LARKIN ST,UNION ST,FILBERT ST,"LINESTRING (-122.42068880147033 37.79897105678112, -122.42088263622418 37.79990243642142)"
8265000,21EXC-02295_05-17-2021.csv,LEAVENWORTH ST,HAVENS ST,FILBERT ST,"LINESTRING (-122.41749253900356 37.79990625839887, -122.41758697396438 37.80034079178891)"
8266000,21EXC-02295_05-17-2021.csv,LEAVENWORTH ST,FILBERT ST,GREENWICH ST,"LINESTRING (-122.41758697396438 37.80034079178891, -122.41779864303346 37.80126734808199)"
,21EXC-02295_05-17-2021.csv,LOMBARD ST,JONES ST,LEAVENWORT H ST,
8833000,21EXC-02295_05-17-2021.csv,MASON ST,LOMBARD ST,CHESTNUT ST,"LINESTRING (-122.41303433568959 37.80282769995543, -122.41322278715292 37.80376130160102)"
13104000,21EXC-02295_05-17-2021.csv,VALLEJO ST,LEAVENWORTH ST,HYDE ST,"LINESTRING (-122.41703009290795 37.79754141853126, -122.41867166760116 37.79733382976606)"
,21EXC-03182_07-09-2021.csv,HYDE ST,CLAY ST,WASHINGTO N ST,
7131000,21EXC-03182_07-09-2021.csv,HYDE ST,JACKSON ST,PACIFIC AVE,"LINESTRING (-122.41811228713898 37.79456736139884, -122.418293499189 37.7954635843307)"
,21EXC-03182_07-09-2021.csv,JACKSON ST,JONES ST,LEAVENWORT H ST,
8140000,21EXC-03182_07-09-2021.csv,LARKIN ST,PINE ST,CALIFORNIA ST,"LINESTRING (-122.41884265242595 37.789829934758544, -122.41903621121735 37.79078805364929)"
8254000,21EXC-03182_07-09-2021.csv,LEAVENWORTH ST,JACKSON ST,PACIFIC AVE,"LINESTRING (-122.41647274729841 37.794777285979634, -122.41665275479666 37.79567005107664)"
13424000,21EXC-03182_07-09-2021.csv,WASHINGTON ST,MASON ST,TAYLOR ST,"LINESTRING (-122.41136404327213 37.794526652838925, -122.41301107983614 37.794320599872016)"
13427000,21EXC-03182_07-09-2021.csv,WASHINGTON ST,PRIEST ST,REED ST,"LINESTRING (-122.41521785421288 37.794028834208426, -122.41567350408192 37.79397081053188)"
,21EXC-03182_07-09-2021.csv,WASHINGTON ST,REED ST,LEAVENWORT H ST,
13429000,21EXC-03182_07-09-2021.csv,WASHINGTON ST,LEAVENWORTH ST,HYDE ST,"LINESTRING (-122.41629170254924 37.79389208325032, -122.41793575804492 37.79368378528179)"
11281000,21EXC-04122_04-01-2022.csv,SAGAMORE ST,PLYMOUTH AVE,CAPITOL AVE,"LINESTRING (-122.45603759773194 37.711407965136566, -122.45900546804307 37.71138732986694)"
11869000,21EXC-04122_04-01-2022.csv,SICKLES AVE,CAYUGA AVE,ALEMANY BLVD,"LINESTRING (-122.45454673980727 37.71020725350043, -122.45488512552275 37.71047855350066)"
11870000,21EXC-04122_04-01-2022.csv,SICKLES AVE,ALEMANY BLVD,ALEMANY BLVD,"LINESTRING (-122.45488512552275 37.71047855350066, -122.45515782834153 37.7106966615669)"
11871000,21EXC-04122_04-01-2022.csv,SICKLES AVE,ALEMANY BLVD,PLYMOUTH AVE \ SAN JOSE AVE,"LINESTRING (-122.45515782834153 37.7106966615669, -122.45581573833796 37.711222853427515)"
,21EXC-04122_04-01-2022.csv,SICKLES AVE,ALEMANY BLVD,Intersection,
,21EXC-04470_09-28-2021.csv,HYDE ST,CLAY ST,WASHINGTO N ST,
7131000,21EXC-04470_09-28-2021.csv,HYDE ST,JACKSON ST,PACIFIC AVE,"LINESTRING (-122.41811228713898 37.79456736139884, -122.418293499189 37.7954635843307)"
,21EXC-04470_09-28-2021.csv,JACKSON ST,JONES ST,LEAVENWORT H ST,
8140000,21EXC-04470_09-28-2021.csv,LARKIN ST,PINE ST,CALIFORNIA ST,"LINESTRING (-122.41884265242595 37.789829934758544, -122.41903621121735 37.79078805364929)"
8254000,21EXC-04470_09-28-2021.csv,LEAVENWORTH ST,JACKSON ST,PACIFIC AVE,"LINESTRING (-122.41647274729841 37.794777285979634, -122.41665275479666 37.79567005107664)"
13424000,21EXC-04470_09-28-2021.csv,WASHINGTON ST,MASON ST,TAYLOR ST,"LINESTRING (-122.41136404327213 37.794526652838925, -122.41301107983614 37.794320599872016)"
13427000,21EXC-04470_09-28-2021.csv,WASHINGTON ST,PRIEST ST,REED ST,"LINESTRING (-122.41521785421288 37.794028834208426, -122.41567350408192 37.79397081053188)"
,21EXC-04470_09-28-2021.csv,WASHINGTON ST,REED ST,LEAVENWORT H ST,
13429000,21EXC-04470_09-28-2021.csv,WASHINGTON ST,LEAVENWORTH ST,HYDE ST,"LINESTRING (-122.41629170254924 37.79389208325032, -122.41793575804492 37.79368378528179)"
3561000,21EXC-04926_10-19-2021.csv,CALIFORNIA ST,SCOTT ST,DIVISADERO ST,"LINESTRING (-122.43877333844212 37.78827839956956, -122.44044011454976 37.788067165143204)"
6348000,21EXC-04926_10-19-2021.csv,GOUGH ST,FILBERT ST,GREENWICH ST,"LINESTRING (-122.42745729539372 37.79906668452498, -122.42764531131587 37.79999725732764)"
7131000,21EXC-04926_10-19-2021.csv,HYDE ST,JACKSON ST,PACIFIC AVE,"LINESTRING (-122.41811228713898 37.79456736139884, -122.418293499189 37.7954635843307)"
,21EXC-04926_10-19-2021.csv,JACKSON ST,JONES ST,LEAVENWORT H ST,
8140000,21EXC-04926_10-19-2021.csv,LARKIN ST,PINE ST,CALIFORNIA ST,"LINESTRING (-122.41884265242595 37.789829934758544, -122.41903621121735 37.79078805364929)"
8445000,21EXC-04926_10-19-2021.csv,LOMBARD ST,JANSEN ST,TAYLOR ST,"LINESTRING (-122.41386085168195 37.80272518227745, -122.41468120668225 37.80262114833126)"
11713000,21EXC-04926_10-19-2021.csv,SCOTT ST,FILBERT ST,GREENWICH ST,"LINESTRING (-122.44061007726434 37.797393586675106, -122.44079814856134 37.79832441539148)"
12457000,21EXC-04926_10-19-2021.csv,TAYLOR ST,VALPARAISO ST,GREENWICH ST,"LINESTRING (-122.41439783980192 37.801225048154265, -122.41449233715149 37.8016885845385)"
13424000,21EXC-04926_10-19-2021.csv,WASHINGTON ST,MASON ST,TAYLOR ST,"LINESTRING (-122.41136404327213 37.794526652838925, -122.41301107983614 37.794320599872016)"
2622000,21EXC-04941_10-21-2021.csv,BAKER ST,SACRAMENTO ST,CLAY ST,"LINESTRING (-122.44394001830852 37.78857018968819, -122.44411947281012 37.78945708193496)"
2625000,21EXC-04941_10-21-2021.csv,BAKER ST,JACKSON ST,PACIFIC AVE,"LINESTRING (-122.44447831671435 37.7912078520192, -122.44465599229754 37.79208773134217)"
,21EXC-04941_10-21-2021.csv,DIVISADERO ST,CLAY ST,WASHINGTO N ST,
7407000,21EXC-04941_10-21-2021.csv,JACKSON ST,SCOTT ST,DIVISADERO ST,"LINESTRING (-122.43948764350621 37.79184294783868, -122.44115459317301 37.79163084211599)"
11701000,21EXC-04941_10-21-2021.csv,SCOTT ST,BUSH ST,PINE ST,"LINESTRING (-122.43839388418418 37.78639167552321, -122.43858157057996 37.78732490419005)"
,21EXC-04941_10-21-2021.csv,SCOTT ST,CLAY ST,WASHINGTO N ST,
13442000,21EXC-04941_10-21-2021.csv,WASHINGTON ST,DIVISADERO ST,BRODERICK ST,"LINESTRING (-122.4409843811971 37.79075546214281, -122.44265435316025 37.79053945387109)"
2601000,21EXC-05079_10-28-2021.csv,BADGER ST,STILL ST,CAYUGA AVE,"LINESTRING (-122.43413177210898 37.7310903794044, -122.43410866201333 37.73103686902503, -122.43401281104727 37.73069092939787, -122.43385427447504 37.730328184274796)"
3822000,21EXC-05079_10-28-2021.csv,CAYUGA AVE,DANTON ST,LAMARTINE ST,"LINESTRING (-122.43222051515902 37.730780434143284, -122.43303501622461 37.7305549711564)"
12185000,21EXC-05079_10-28-2021.csv,STILL ST,LAMARTINE ST,BADGER ST,"LINESTRING (-122.43337571894587 37.73133454293475, -122.43343947615169 37.7312710479398, -122.43413177210898 37.7310903794044)"
3818000,21EXC-05083_11-15-2021.csv,CAYUGA AVE,MILTON ST,ROUSSEAU ST,"LINESTRING (-122.42895261237219 37.731684954046926, -122.42976635138194 37.73145973016665)"
3822000,21EXC-05083_11-15-2021.csv,CAYUGA AVE,DANTON ST,LAMARTINE ST,"LINESTRING (-122.43222051515902 37.730780434143284, -122.43303501622461 37.7305549711564)"
8550000,21EXC-05083_11-15-2021.csv,LYELL ST,CAYUGA AVE,ALEMANY BLVD,"LINESTRING (-122.43139297190832 37.73100949923646, -122.43119165775603 37.73056751322889)"
11174000,21EXC-05083_11-15-2021.csv,ROTTECK ST,STILL ST,CAYUGA AVE,"LINESTRING (-122.43084365267536 37.731817123946776, -122.43057848567071 37.73123494414117)"
6305000,21EXC-05125_11-04-2021.csv,GORHAM ST,CAYUGA AVE,STILL ST,"LINESTRING (-122.43421878446738 37.730227278719006, -122.4348462232157 37.73091139408683)"
3658002,21EXC-05270_11-08-2021.csv,CAPITOL AVE,HABITAT TER,SAGAMORE ST,"LINESTRING (-122.45900107123128 37.71097339553569, -122.45900546804307 37.71138732986694)"
5406000,21EXC-05270_11-08-2021.csv,FARALLONES ST,SAN JOSE AVE \ WHIPPLE AVE,PLYMOUTH AVE,"LINESTRING (-122.45217408401561 37.71410376283482, -122.45606142495912 37.71407675966524)"
9983000,21EXC-05270_11-08-2021.csv,ORIZABA AVE,STANLEY ST,BROAD ST,"LINESTRING (-122.46258065823237 37.71252303391955, -122.46256899944615 37.71315016532892)"
10512000,21EXC-05270_11-08-2021.csv,PLYMOUTH AVE,SAGAMORE ST,SADOWA ST,"LINESTRING (-122.45603759773194 37.711407965136566, -122.4560386261558 37.7115275832934, -122.45604543151967 37.712319640667964)"
10513000,21EXC-05270_11-08-2021.csv,PLYMOUTH AVE,SADOWA ST,BROAD ST,"LINESTRING (-122.45604543151967 37.712319640667964, -122.45605304686055 37.71319356160015)"
10514000,21EXC-05270_11-08-2021.csv,PLYMOUTH AVE,BROAD ST,FARALLONES ST,"LINESTRING (-122.45605304686055 37.71319356160015, -122.45606142495912 37.71407675966524)"
11276000,21EXC-05270_11-08-2021.csv,SADOWA ST,LAWRENCE AVE \ SAN JOSE AVE,PLYMOUTH AVE,"LINESTRING (-122.45466523981126 37.71233072378859, -122.45604543151967 37.712319640667964)"
11467202,21EXC-05270_11-08-2021.csv,SAN JOSE AVE,LAWRENCE AVE \ SADOWA ST,I-280 S OFF RAMP,"LINESTRING (-122.45466523981126 37.71233072378859, -122.45508755621118 37.71190131435578)"
3518099,21EXC-05546_11-24-2021.csv,CAINE AVE,LAKEVIEW AVE,LOBOS ST,"LINESTRING (-122.45115539398181 37.71658322140009, -122.45128426304007 37.716425450130785, -122.45129041572054 37.71638366890614, -122.45247422579885 37.71498278135785)"
5408000,21EXC-05546_11-24-2021.csv,FARALLONES ST,CAPITOL AVE,ORIZABA AVE,"LINESTRING (-122.45903538490651 37.71405530240321, -122.4625887247799 37.71402953867151)"
8416000,21EXC-05546_11-24-2021.csv,LOBOS ST,CAINE AVE,PLYMOUTH AVE,"LINESTRING (-122.45247422579885 37.71498278135785, -122.45260520411074 37.71492521138897, -122.45607199920866 37.71490467280792)"
9986000,21EXC-05546_11-24-2021.csv,ORIZABA AVE,RANDOLPH ST,LOBOS ST,"LINESTRING (-122.46260203954944 37.714307653378796, -122.46260782781701 37.7148839499428)"
9988000,21EXC-05546_11-24-2021.csv,ORIZABA AVE,MINERVA ST,SARGENT ST,"LINESTRING (-122.462615213271 37.71561930403376, -122.46262048135702 37.716143794451526)"
9990000,21EXC-05546_11-24-2021.csv,ORIZABA AVE,MONTANA ST,THRIFT ST,"LINESTRING (-122.46262477120483 37.716570819965085, -122.46263331219411 37.71742120803277)"
3128000,21EXC-05547_11-24-2021.csv,BRIGHT ST,RANDOLPH ST,SARGENT ST,"LINESTRING (-122.46349969752934 37.71430077977828, -122.46352103973868 37.71613507386827)"
9322000,21EXC-05547_11-24-2021.csv,MONTICELLO ST,19TH AVE,SARGENT ST,"LINESTRING (-122.47070422601082 37.71521290426727, -122.47071365665339 37.71608874663192)"
,21EXC-05547_11-24-2021.csv,ORIZABA AVE,THRIFT ST,ORIZABA AVE,
10894000,21EXC-05547_11-24-2021.csv,RALSTON ST,RANDOLPH ST,SARGENT ST,"LINESTRING (-122.46889627314131 37.714256184165976, -122.46891899033156 37.71609825582799)"
10903000,21EXC-05547_11-24-2021.csv,RAMSELL ST,RANDOLPH ST,SARGENT ST,"LINESTRING (-122.4661986729443 37.714280073615285, -122.4662200608603 37.71611250561743)"
11808000,21EXC-05547_11-24-2021.csv,SHIELDS ST,BRIGHT ST,HEAD ST,"LINESTRING (-122.46354192659071 37.71793005775699, -122.46443986029728 37.717924102301374)"
13230000,21EXC-05547_11-24-2021.csv,VERNON ST,RANDOLPH ST,SARGENT ST,"LINESTRING (-122.4679961379444 37.71426624865827, -122.46801651558332 37.71610302749501)"
13284000,21EXC-05547_11-24-2021.csv,VICTORIA ST,RANDOLPH ST,SARGENT ST,"LINESTRING (-122.46529972126505 37.714286976758295, -122.46532106587632 37.71611762212457)"
13285000,21EXC-05547_11-24-2021.csv,VICTORIA ST,SARGENT ST,SHIELDS ST,"LINESTRING (-122.46532106587632 37.71611762212457, -122.46534206006835 37.71791811117978)"
11281000,21EXC-05918_12-17-2021.csv,SAGAMORE ST,PLYMOUTH AVE,CAPITOL AVE,"LINESTRING (-122.45603759773194 37.711407965136566, -122.45900546804307 37.71138732986694)"
11869000,21EXC-05918_12-17-2021.csv,SICKLES AVE,CAYUGA AVE,ALEMANY BLVD,"LINESTRING (-122.45454673980727 37.71020725350043, -122.45488512552275 37.71047855350066)"
11870000,21EXC-05918_12-17-2021.csv,SICKLES AVE,ALEMANY BLVD,ALEMANY BLVD,"LINESTRING (-122.45488512552275 37.71047855350066, -122.45515782834153 37.7106966615669)"
6355000,21EXC-06038_12-29-2021.csv,GRAFTON AVE,GETZ ST \ MOUNT VERNON AVE,HAROLD AVE,"LINESTRING (-122.45257537354787 37.72004200363441, -122.453091959482 37.72004059007297)"
6695000,21EXC-06038_12-29-2021.csv,HAROLD AVE,HOLLOWAY AVE,BRUCE AVE,"LINESTRING (-122.45310058563821 37.721854084132325, -122.45310185741303 37.7221213477598)"
8418000,21EXC-06038_12-29-2021.csv,LOBOS ST,CAPITOL AVE,ORIZABA AVE,"LINESTRING (-122.45904613498698 37.714908345629276, -122.46260782781701 37.7148839499428)"
8687000,21EXC-06038_12-29-2021.csv,MARGARET AVE,LOUISBURG ST \ RIDGE LN,LAKEVIEW AVE,"LINESTRING (-122.45158547765614 37.71857710107549, -122.45169161365557 37.71851336935929, -122.4526418474805 37.71737565448728)"
9432000,21EXC-06038_12-29-2021.csv,MOUNT VERNON AVE,SAN MIGUEL ST,TARA ST,"LINESTRING (-122.44916221105106 37.71869029322382, -122.4499964847177 37.71902461875)"
9596000,21EXC-06038_12-29-2021.csv,NIAGARA AVE,TARA ST,LOUISBURG ST,"LINESTRING (-122.44927919220572 37.7201514665897, -122.45010317403109 37.720482068546666)"
11281000,21EXC-06038_12-29-2021.csv,SAGAMORE ST,PLYMOUTH AVE,CAPITOL AVE,"LINESTRING (-122.45603759773194 37.711407965136566, -122.45900546804307 37.71138732986694)"
3658002,21EXC-06040_12-29-2021.csv,CAPITOL AVE,HABITAT TER,SAGAMORE ST,"LINESTRING (-122.45900107123128 37.71097339553569, -122.45900546804307 37.71138732986694)"
5406000,21EXC-06040_12-29-2021.csv,FARALLONES ST,SAN JOSE AVE \ WHIPPLE AVE,PLYMOUTH AVE,"LINESTRING (-122.45217408401561 37.71410376283482, -122.45606142495912 37.71407675966524)"
9983000,21EXC-06040_12-29-2021.csv,ORIZABA AVE,STANLEY ST,BROAD ST,"LINESTRING (-122.46258065823237 37.71252303391955, -122.46256899944615 37.71315016532892)"
10512000,21EXC-06040_12-29-2021.csv,PLYMOUTH AVE,SAGAMORE ST,SADOWA ST,"LINESTRING (-122.45603759773194 37.711407965136566, -122.4560386261558 37.7115275832934, -122.45604543151967 37.712319640667964)"
10513000,21EXC-06040_12-29-2021.csv,PLYMOUTH AVE,SADOWA ST,BROAD ST,"LINESTRING (-122.45604543151967 37.712319640667964, -122.45605304686055 37.71319356160015)"
10514000,21EXC-06040_12-29-2021.csv,PLYMOUTH AVE,BROAD ST,FARALLONES ST,"LINESTRING (-122.45605304686055 37.71319356160015, -122.45606142495912 37.71407675966524)"
11276000,21EXC-06040_12-29-2021.csv,SADOWA ST,LAWRENCE AVE \ SAN JOSE AVE,PLYMOUTH AVE,"LINESTRING (-122.45466523981126 37.71233072378859, -122.45604543151967 37.712319640667964)"
11467202,21EXC-06040_12-29-2021.csv,SAN JOSE AVE,LAWRENCE AVE \ SADOWA ST,I-280 S OFF RAMP,"LINESTRING (-122.45466523981126 37.71233072378859, -122.45508755621118 37.71190131435578)"
3518099,21EXC-06041_12-28-2021.csv,CAINE AVE,LAKEVIEW AVE,LOBOS ST,"LINESTRING (-122.45115539398181 37.71658322140009, -122.45128426304007 37.716425450130785, -122.45129041572054 37.71638366890614, -122.45247422579885 37.71498278135785)"
5408000,21EXC-06041_12-28-2021.csv,FARALLONES ST,CAPITOL AVE,ORIZABA AVE,"LINESTRING (-122.45903538490651 37.71405530240321, -122.4625887247799 37.71402953867151)"
8416000,21EXC-06041_12-28-2021.csv,LOBOS ST,CAINE AVE,PLYMOUTH AVE,"LINESTRING (-122.45247422579885 37.71498278135785, -122.45260520411074 37.71492521138897, -122.45607199920866 37.71490467280792)"
9986000,21EXC-06041_12-28-2021.csv,ORIZABA AVE,RANDOLPH ST,LOBOS ST,"LINESTRING (-122.46260203954944 37.714307653378796, -122.46260782781701 37.7148839499428)"
9988000,21EXC-06041_12-28-2021.csv,ORIZABA AVE,MINERVA ST,SARGENT ST,"LINESTRING (-122.462615213271 37.71561930403376, -122.46262048135702 37.716143794451526)"
9990000,21EXC-06041_12-28-2021.csv,ORIZABA AVE,MONTANA ST,THRIFT ST,"LINESTRING (-122.46262477120483 37.716570819965085, -122.46263331219411 37.71742120803277)"
11281000,22EXC-00042_01-06-2022.csv,SAGAMORE ST,PLYMOUTH AVE,CAPITOL AVE,"LINESTRING (-122.45603759773194 37.711407965136566, -122.45900546804307 37.71138732986694)"
11869000,22EXC-00042_01-06-2022.csv,SICKLES AVE,CAYUGA AVE,ALEMANY BLVD,"LINESTRING (-122.45454673980727 37.71020725350043, -122.45488512552275 37.71047855350066)"
11870000,22EXC-00042_01-06-2022.csv,SICKLES AVE,ALEMANY BLVD,ALEMANY BLVD,"LINESTRING (-122.45488512552275 37.71047855350066, -122.45515782834153 37.7106966615669)"
3668000,22EXC-00159_01-11-2022.csv,CAPITOL AVE,GRAFTON AVE,HOLLOWAY AVE,"LINESTRING (-122.45919843701162 37.72002412844284, -122.45920421451918 37.72183749166473)"
6359000,22EXC-00159_01-11-2022.csv,GRAFTON AVE,PLYMOUTH AVE,GRANADA AVE,"LINESTRING (-122.45613349833306 37.72003330058399, -122.45715834046635 37.720030243125855)"
6360000,22EXC-00159_01-11-2022.csv,GRAFTON AVE,GRANADA AVE,MIRAMAR AVE,"LINESTRING (-122.45715834046635 37.720030243125855, -122.45817751806595 37.72002719250775)"
6367000,22EXC-00159_01-11-2022.csv,GRANADA AVE,GRAFTON AVE,HOLLOWAY AVE,"LINESTRING (-122.45715834046635 37.720030243125855, -122.45716308756313 37.721843075689975)"
6970000,22EXC-00159_01-11-2022.csv,HOLLOWAY AVE,CAPITOL AVE,FAXON AVE,"LINESTRING (-122.45920421451918 37.72183749166473, -122.4602244222254 37.72183468780357)"
10521000,22EXC-00159_01-11-2022.csv,PLYMOUTH AVE,GRAFTON AVE,HOLLOWAY AVE,"LINESTRING (-122.45613349833306 37.72003330058399, -122.45614147965861 37.72184585736371)"
2525000,22EXC-00165_01-11-2022.csv,ASHTON AVE,HEAD ST,DE MONTFORT AVE,"LINESTRING (-122.46227080122013 37.723021082086724, -122.4622735445581 37.723637216216844)"
2527000,22EXC-00165_01-11-2022.csv,ASHTON AVE,PICO AVE,LEGION CT,"LINESTRING (-122.46227636457674 37.724270606731515, -122.46227901693739 37.72486623017869)"
7694000,22EXC-00165_01-11-2022.csv,JULES AVE,HOLLOWAY AVE,DE MONTFORT AVE,"LINESTRING (-122.46124225354467 37.72183125496817, -122.4612505266062 37.72364231294753)"
9254000,22EXC-00165_01-11-2022.csv,MONTANA ST,PLYMOUTH AVE,CAPITOL AVE,"LINESTRING (-122.45608692024824 37.716630479328586, -122.45906354617465 37.71660346233596)"
10518000,22EXC-00165_01-11-2022.csv,PLYMOUTH AVE,MONTANA ST,THRIFT ST,"LINESTRING (-122.45608692024824 37.716630479328586, -122.45609424232943 37.71747731256825)"
12607000,22EXC-00165_01-11-2022.csv,THRIFT ST,PLYMOUTH AVE,CAPITOL AVE,"LINESTRING (-122.45609424232943 37.71747731256825, -122.4590722910474 37.717454737908845)"
3128000,22EXC-00188_01-11-2022.csv,BRIGHT ST,RANDOLPH ST,SARGENT ST,"LINESTRING (-122.46349969752934 37.71430077977828, -122.46352103973868 37.71613507386827)"
9325000,22EXC-00188_01-11-2022.csv,MONTICELLO ST,GARFIELD ST,HOLLOWAY AVE,"LINESTRING (-122.4707520037276 37.71964622276821, -122.47077902816963 37.7216373018327)"
10897000,22EXC-00188_01-11-2022.csv,RALSTON ST,GARFIELD ST,HOLLOWAY AVE,"LINESTRING (-122.46895098043287 37.71965880152732, -122.46897449380084 37.72164957838659)"
11648000,22EXC-00188_01-11-2022.csv,SARGENT ST,HEAD ST,VICTORIA ST,"LINESTRING (-122.46442049430928 37.71612635669475, -122.46532106587632 37.71611762212457)"
11650000,22EXC-00188_01-11-2022.csv,SARGENT ST,RAMSELL ST,ARCH ST,"LINESTRING (-122.4662200608603 37.71611250561743, -122.46711575585557 37.716107783432776)"
11809000,22EXC-00188_01-11-2022.csv,SHIELDS ST,HEAD ST,VICTORIA ST,"LINESTRING (-122.46443986029728 37.717924102301374, -122.46534206006835 37.71791811117978)"
3660000,22EXC-00290_01-21-2022.csv,CAPITOL AVE,SADOWA ST,BROAD ST,"LINESTRING (-122.4590151193752 37.712295736541506, -122.45902443562701 37.71317204848905)"
3661000,22EXC-00290_01-21-2022.csv,CAPITOL AVE,BROAD ST,FARALLONES ST,"LINESTRING (-122.45902443562701 37.71317204848905, -122.45903538490651 37.71405530240321)"
3128000,22EXC-00434_01-27-2022.csv,BRIGHT ST,RANDOLPH ST,SARGENT ST,"LINESTRING (-122.46349969752934 37.71430077977828, -122.46352103973868 37.71613507386827)"
9322000,22EXC-00434_01-27-2022.csv,MONTICELLO ST,19TH AVE,SARGENT ST,"LINESTRING (-122.47070422601082 37.71521290426727, -122.47071365665339 37.71608874663192)"
,22EXC-00434_01-27-2022.csv,ORIZABA AVE,THRIFT ST,ORIZABA AVE,
10894000,22EXC-00434_01-27-2022.csv,RALSTON ST,RANDOLPH ST,SARGENT ST,"LINESTRING (-122.46889627314131 37.714256184165976, -122.46891899033156 37.71609825582799)"
10903000,22EXC-00434_01-27-2022.csv,RAMSELL ST,RANDOLPH ST,SARGENT ST,"LINESTRING (-122.4661986729443 37.714280073615285, -122.4662200608603 37.71611250561743)"
11808000,22EXC-00434_01-27-2022.csv,SHIELDS ST,BRIGHT ST,HEAD ST,"LINESTRING (-122.46354192659071 37.71793005775699, -122.46443986029728 37.717924102301374)"
13230000,22EXC-00434_01-27-2022.csv,VERNON ST,RANDOLPH ST,SARGENT ST,"LINESTRING (-122.4679961379444 37.71426624865827, -122.46801651558332 37.71610302749501)"
13284000,22EXC-00434_01-27-2022.csv,VICTORIA ST,RANDOLPH ST,SARGENT ST,"LINESTRING (-122.46529972126505 37.714286976758295, -122.46532106587632 37.71611762212457)"
13285000,22EXC-00434_01-27-2022.csv,VICTORIA ST,SARGENT ST,SHIELDS ST,"LINESTRING (-122.46532106587632 37.71611762212457, -122.46534206006835 37.71791811117978)"
2967000,22EXC-00435_01-27-2022.csv,BEVERLY ST,19TH AVE \ RANDOLPH ST \ SARGENT ST,SHIELDS ST,"LINESTRING (-122.47157204384048 37.71612607162335, -122.4716154937179 37.7162346066829, -122.47163217932042 37.71787615238919)"
5424000,22EXC-00435_01-27-2022.csv,FAXON AVE,LAKEVIEW AVE,GRAFTON AVE,"LINESTRING (-122.46020868913193 37.71823054606605, -122.46021817488477 37.72002105896136)"
8633000,22EXC-00435_01-27-2022.csv,MAJESTIC AVE,LAKEVIEW AVE,SUMMIT ST,"LINESTRING (-122.45189499173857 37.71697750774467, -122.45315775035805 37.715470963988594)"
8688000,22EXC-00435_01-27-2022.csv,MARGARET AVE,LAKEVIEW AVE,SUMMIT ST,"LINESTRING (-122.4526418474805 37.71737565448728, -122.45369982689054 37.71610888470867)"
9070000,22EXC-00435_01-27-2022.csv,MIRAMAR AVE,LAKEVIEW AVE,GRAFTON AVE,"LINESTRING (-122.45816261147878 37.718231539621165, -122.45817751806595 37.72002719250775)"
9253000,22EXC-00435_01-27-2022.csv,MONTANA ST,JOSIAH AVE \ SUMMIT ST,PLYMOUTH AVE,"LINESTRING (-122.45415512616012 37.716875102052065, -122.45419286508701 37.716782083349685, -122.45433805112886 37.71667672763268, -122.45450753884872 37.71662546966845, -122.45594004903641 37.71660931132305, -122.45608692024824 37.716630479328586)"
,22EXC-00435_01-27-2022.csv,RAMSELL ST,START: 300-399 BLOCK,SHIELDS ST,
,22EXC-00435_01-27-2022.csv,SHIELDS ST,SHIELDS ST,JUNIPERO SERRA BLVD,
12606000,22EXC-00435_01-27-2022.csv,THRIFT ST,SUMMIT ST,PLYMOUTH AVE,"LINESTRING (-122.45451425866152 37.7174892594877, -122.45609424232943 37.71747731256825)"
,22EXC-00722_02-10-2022.csv,ASHTON AVE,ASHTON AVE,GRAFTON AVE,
7692000,22EXC-00722_02-10-2022.csv,JULES AVE,LAKEVIEW AVE,GRAFTON AVE,"LINESTRING (-122.4612308034976 37.718231613193474, -122.46123397039996 37.72001799311691)"
8073000,22EXC-00722_02-10-2022.csv,LAKEVIEW AVE,JULES AVE,ASHTON AVE,"LINESTRING (-122.4612308034976 37.718231613193474, -122.46224493654438 37.71821952471879)"
9036101,22EXC-00722_02-10-2022.csv,MINERVA ST,SUMMIT ST,PLYMOUTH AVE,"LINESTRING (-122.4535133456787 37.71579505176099, -122.45359573282606 37.7157521907928, -122.45597430987873 37.7157376272155, -122.45607963461916 37.715787827095355)"
9036201,22EXC-00722_02-10-2022.csv,MINERVA ST,SUMMIT ST,PLYMOUTH AVE,"LINESTRING (-122.4535133456787 37.71579505176099, -122.4536678041425 37.71583689016483, -122.45597583072552 37.715822757719195, -122.45607963461916 37.715787827095355)"
9254000,22EXC-00722_02-10-2022.csv,MONTANA ST,PLYMOUTH AVE,CAPITOL AVE,"LINESTRING (-122.45608692024824 37.716630479328586, -122.45906354617465 37.71660346233596)"
9994000,22EXC-00722_02-10-2022.csv,ORIZABA AVE,LAKEVIEW AVE,GARFIELD ST \ GRAFTON AVE,"LINESTRING (-122.46263854303625 37.718211149461, -122.46266852985508 37.7199236775237, -122.46266291659386 37.72000374568147)"
,22EXC-00722_02-10-2022.csv,PLYMOUTH AVE,MINERVA ST,Intersection,
7100000,22EXC-00741_02-10-2022.csv,HURON AVE,OTTAWA AVE,SALA TER,"LINESTRING (-122.44564598397189 37.71514625643388, -122.44621270165507 37.71470082222252)"
11281000,22EXC-00741_02-10-2022.csv,SAGAMORE ST,PLYMOUTH AVE,CAPITOL AVE,"LINESTRING (-122.45603759773194 37.711407965136566, -122.45900546804307 37.71138732986694)"
2400000,22EXC-00841_02-14-2022.csv,ARCH ST,GARFIELD ST,HOLLOWAY AVE,"LINESTRING (-122.46715281702434 37.719672006145885, -122.46718515847692 37.7216617248841)"
2969000,22EXC-00841_02-14-2022.csv,BEVERLY ST,GARFIELD ST,HOLLOWAY AVE,"LINESTRING (-122.47165211413872 37.71964020330124, -122.4716735852504 37.72163120427915)"
3131000,22EXC-00841_02-14-2022.csv,BRIGHT ST,GARFIELD ST,HOLLOWAY AVE,"LINESTRING (-122.46356056275714 37.71988988831937, -122.46358164871319 37.72168610432872)"
9325000,22EXC-00841_02-14-2022.csv,MONTICELLO ST,GARFIELD ST,HOLLOWAY AVE,"LINESTRING (-122.4707520037276 37.71964622276821, -122.47077902816963 37.7216373018327)"
10906000,22EXC-00841_02-14-2022.csv,RAMSELL ST,GARFIELD ST,HOLLOWAY AVE,"LINESTRING (-122.46625434193234 37.7196785929905, -122.46627776621138 37.721667874612734)"
2528000,22EXC-00851_02-14-2022.csv,ASHTON AVE,LEGION CT,OCEAN AVE,"LINESTRING (-122.46227901693739 37.72486623017869, -122.4622802687715 37.72514730135541, -122.46221250364309 37.72526570761199)"
4656000,22EXC-00851_02-14-2022.csv,DE MONTFORT AVE,MIRAMAR AVE,CAPITOL AVE,"LINESTRING (-122.45818925661514 37.723657510564465, -122.45920999811896 37.72365245214594)"
6368000,22EXC-00851_02-14-2022.csv,GRANADA AVE,HOLLOWAY AVE,OCEAN AVE,"LINESTRING (-122.45716308756313 37.721843075689975, -122.45716900107739 37.72410168397851)"
7695000,22EXC-00851_02-14-2022.csv,JULES AVE,DE MONTFORT AVE,DORADO TER \ OCEAN AVE,"LINESTRING (-122.4612505266062 37.72364231294753, -122.46125597426801 37.72483452612406, -122.4612105475138 37.72494970117642)"
3134000,22EXC-00853_02-16-2022.csv,BRIGHTON AVE,HOLLOWAY AVE,OCEAN AVE,"LINESTRING (-122.45512702927793 37.72184861051991, -122.45513565866217 37.723672365204585)"
,22EXC-00853_02-16-2022.csv,GETZ ST,START: 1-99 BLOCK,GRAFTON AVE \ MOUNT VERNON AVE,
6356000,22EXC-00853_02-16-2022.csv,GRAFTON AVE,HAROLD AVE,LEE AVE,"LINESTRING (-122.453091959482 37.72004059007297, -122.45409616155473 37.72003819256763)"
6694000,22EXC-00853_02-16-2022.csv,HAROLD AVE,GRAFTON AVE,HOLLOWAY AVE,"LINESTRING (-122.453091959482 37.72004059007297, -122.45310058563821 37.721854084132325)"
6696000,22EXC-00853_02-16-2022.csv,HAROLD AVE,BRUCE AVE,OCEAN AVE,"LINESTRING (-122.45310185741303 37.7221213477598, -122.45310719784179 37.723244036576084)"
7060000,22EXC-00853_02-16-2022.csv,HOWTH ST,OCEAN AVE,GENEVA AVE,"LINESTRING (-122.44955861989263 37.72296131969578, -122.45011822600581 37.72208279512762)"
7063000,22EXC-00853_02-16-2022.csv,HOWTH ST,MOUNT VERNON AVE,RIDGE LN,"LINESTRING (-122.45164588308896 37.71968556942082, -122.4522317119426 37.71876031988411)"
7619000,22EXC-00853_02-16-2022.csv,JOSIAH AVE,RIDGE LN,LAKEVIEW AVE,"LINESTRING (-122.45254754484066 37.718720999606816, -122.45337762016388 37.717767884455846)"
8282000,22EXC-00853_02-16-2022.csv,LEE AVE,HOLLOWAY AVE,OCEAN AVE,"LINESTRING (-122.45410655231525 37.72185137109669, -122.45411575309892 37.723457006984155)"
9436000,22EXC-00853_02-16-2022.csv,MOUNT VERNON AVE,WILLIAR AVE,GETZ ST \ GRAFTON AVE,"LINESTRING (-122.45232929661157 37.719959417995746, -122.45250605290764 37.720030336232384, -122.45257537354787 37.72004200363441)"
10522000,22EXC-00853_02-16-2022.csv,PLYMOUTH AVE,HOLLOWAY AVE,OCEAN AVE,"LINESTRING (-122.45614147965861 37.72184585736371, -122.45615046545541 37.72388663586218)"
10522000,22EXC-01133_03-08-2022.csv,PLYMOUTH AVE,HOLLOWAY AVE,OCEAN AVE,"LINESTRING (-122.45614147965861 37.72184585736371, -122.45615046545541 37.72388663586218)"
8502000,22EXC-01180_03-11-2022.csv,LOUISBURG ST,MOUNT VERNON AVE,MARGARET AVE \ RIDGE LN,"LINESTRING (-122.45082065165644 37.71935488538326, -122.45125335077624 37.7186742936456, -122.45158547765614 37.71857710107549)"
9431000,22EXC-01180_03-11-2022.csv,MOUNT VERNON AVE,SAN JOSE AVE,SAN MIGUEL ST,"LINESTRING (-122.44860518968017 37.718395604644044, -122.4488146893737 37.71851356718731, -122.44916221105106 37.71869029322382)"
9595000,22EXC-01180_03-11-2022.csv,NIAGARA AVE,SAN MIGUEL ST,TARA ST,"LINESTRING (-122.44867524413861 37.719844089446, -122.44869787311227 37.719915675733255, -122.44927919220572 37.7201514665897)"
11498000,22EXC-01180_03-11-2022.csv,SAN MIGUEL ST,NIAGARA AVE,MOUNT VERNON AVE,"LINESTRING (-122.44867524413861 37.719844089446, -122.4486644445059 37.71949996971121, -122.44916221105106 37.71869029322382)"
,22EXC-01180_03-11-2022.csv,TARA ST,TARA ST,NIAGARA AVE,
2278000,22EXC-01476_03-25-2022.csv,ANDOVER ST,CORTLAND AVE,ELLERT ST,"LINESTRING (-122.41651959931754 37.739061698949726, -122.41646198609182 37.738978153656504, -122.41651876201257 37.73828992557115)"
2279000,22EXC-01476_03-25-2022.csv,ANDOVER ST,ELLERT ST,NEWMAN ST,"LINESTRING (-122.41651876201257 37.73828992557115, -122.4165749518647 37.737668422596606)"
2921000,22EXC-01476_03-25-2022.csv,BENNINGTON ST,CORTLAND AVE,ELLERT ST,"LINESTRING (-122.41777908129403 37.73918366611373, -122.4178963009006 37.73842353797499)"
5156000,22EXC-01476_03-25-2022.csv,ELLERT ST,BENNINGTON ST,ANDOVER ST,"LINESTRING (-122.4178963009006 37.73842353797499, -122.41651876201257 37.73828992557115)"
9583000,22EXC-01476_03-25-2022.csv,NEWMAN ST,HOLLY PARK CIR,BENNINGTON ST,"LINESTRING (-122.41894019371702 37.73789660453026, -122.41799007181467 37.73780494981365)"
10305000,22EXC-01476_03-25-2022.csv,PATTON ST,APPLETON AVE,HIGHLAND AVE,"LINESTRING (-122.42285286274245 37.73839876571365, -122.4230515124642 37.73810292252054, -122.4231169852057 37.73735790448662)"
1673000,22EXC-01745_04-11-2022.csv,30TH ST,HARPER ST,NOE ST,"LINESTRING (-122.42994747311614 37.74189009465393, -122.43088787942531 37.74183312554524)"
2282000,22EXC-01745_04-11-2022.csv,ANDOVER ST,HIGHLAND AVE,PARK ST,"LINESTRING (-122.4166313830723 37.737037438332635, -122.41669581992304 37.73631694226033)"
2284000,22EXC-01745_04-11-2022.csv,ANDOVER ST,OGDEN AVE,RICHLAND AVE,"LINESTRING (-122.4167175169316 37.73607433070998, -122.41675951998033 37.73560466546944)"
9632000,22EXC-01745_04-11-2022.csv,NOE ST,26TH ST,CESAR CHAVEZ ST,"LINESTRING (-122.43155665055784 37.748229475235775, -122.43154174405738 37.748138286798344, -122.4314765317472 37.747434104676124)"
4486000,22EXC-01749_04-08-2022.csv,CRESCENT AVE,AGNON AVE,MURRAY ST,"LINESTRING (-122.4221208066784 37.73515284752075, -122.4202237575553 37.73505812901291)"
10263000,22EXC-01749_04-08-2022.csv,PARK ST,HOLLY PARK CIR,ANDOVER ST,"LINESTRING (-122.41929279627554 37.736448339380175, -122.41669581992304 37.73631694226033)"
11014000,22EXC-01749_04-08-2022.csv,RICHLAND AVE,MURRAY ST,ANDOVER ST,"LINESTRING (-122.42016346760197 37.735776880276404, -122.41675951998033 37.73560466546944)"
4486000,22EXC-01800_04-13-2022.csv,CRESCENT AVE,AGNON AVE,MURRAY ST,"LINESTRING (-122.4221208066784 37.73515284752075, -122.4202237575553 37.73505812901291)"
7004000,22EXC-01800_04-13-2022.csv,HOLLY PARK CIR,MURRAY ST,PARK ST,"LINESTRING (-122.42013382026789 37.73613745989304, -122.42051087696144 37.73621372148286, -122.42081306924887 37.73637361115727, -122.42099140242446 37.7365355204269)"
7005000,22EXC-01800_04-13-2022.csv,HOLLY PARK CIR,PARK ST,HIGHLAND AVE,"LINESTRING (-122.42099140242446 37.7365355204269, -122.42109248421598 37.73681831202884, -122.42112264930623 37.737078335974694, -122.42108045544857 37.73725978953693)"
10262000,22EXC-01821_04-11-2022.csv,PARK ST,LEESE ST,HOLLY PARK CIR,"LINESTRING (-122.4236403326846 37.73669013403042, -122.42353442583968 37.73665853038329, -122.42099140242446 37.7365355204269)"
11013000,22EXC-01821_04-11-2022.csv,RICHLAND AVE,LEESE ST,MURRAY ST,"LINESTRING (-122.42315187445472 37.735927989305736, -122.42016346760197 37.735776880276404)"
,22EXC-01944_04-29-2022.csv,ANDERSON ST,CRESCENT AVE,END: 700-799 BLOCK,
4493000,22EXC-01944_04-29-2022.csv,CRESCENT AVE,MOULTRIE ST,ANDERSON ST,"LINESTRING (-122.41617187992233 37.73485571597665, -122.41555440245095 37.73482485822593)"
11013000,22EXC-01944_04-29-2022.csv,RICHLAND AVE,LEESE ST,MURRAY ST,"LINESTRING (-122.42315187445472 37.735927989305736, -122.42016346760197 37.735776880276404)"
2285000,22EXC-01962_04-15-2022.csv,ANDOVER ST,RICHLAND AVE,CRESCENT AVE,"LINESTRING (-122.41675951998033 37.73560466546944, -122.4168235860959 37.734888282020364)"
2286000,22EXC-01962_04-15-2022.csv,ANDOVER ST,CRESCENT AVE,BENTON AVE,"LINESTRING (-122.4168235860959 37.734888282020364, -122.41691182960061 37.73392836318553)"
4488000,22EXC-01962_04-15-2022.csv,CRESCENT AVE,ARNOLD AVE,ROSCOE ST,"LINESTRING (-122.41960634827467 37.735027294934454, -122.41872451138305 37.73498324975476)"
9417000,22EXC-01962_04-15-2022.csv,MOULTRIE ST,TOMPKINS AVE,OGDEN AVE,"LINESTRING (-122.4159549923952 37.73721061226749, -122.41606312980448 37.736036510129026)"
9418000,22EXC-01962_04-15-2022.csv,MOULTRIE ST,OGDEN AVE,CRESCENT AVE,"LINESTRING (-122.41606312980448 37.736036510129026, -122.41617187992233 37.73485571597665)"
2268000,22EXC-01980_04-18-2022.csv,ANDERSON ST,POWHATTAN AVE,EUGENIA AVE,"LINESTRING (-122.41507391319068 37.741580267058616, -122.41516877608765 37.7403769776055)"
2276000,22EXC-01980_04-18-2022.csv,ANDOVER ST,POWHATTAN AVE,EUGENIA AVE,"LINESTRING (-122.41630588097905 37.74163731319624, -122.41640550735909 37.740436703606825)"
4489000,22EXC-01980_04-18-2022.csv,CRESCENT AVE,ROSCOE ST,PORTER ST,"LINESTRING (-122.41872451138305 37.73498324975476, -122.41809924396081 37.73495201576356)"
4491000,22EXC-01980_04-18-2022.csv,CRESCENT AVE,BACHE ST,ANDOVER ST,"LINESTRING (-122.41747882880875 37.73492102033053, -122.4168235860959 37.734888282020364)"
,22EXC-01980_04-18-2022.csv,POWHATTAN AVE,ANDOVER ST,Intersection,
5306000,22EXC-01996_04-20-2022.csv,EUGENIA AVE,BENNINGTON ST \ BOCANA ST,WOOL ST,"LINESTRING (-122.41777039752094 37.74056356906532, -122.41762704970344 37.74049568332386, -122.41702720248077 37.74046672297582)"
5714000,22EXC-01996_04-20-2022.csv,FOLSOM ST,OGDEN AVE,CRESCENT AVE,"LINESTRING (-122.41358399359906 37.73589319598028, -122.41368901880367 37.734731615300355)"
6026000,22EXC-01996_04-20-2022.csv,GATES ST,TOMPKINS AVE,OGDEN AVE,"LINESTRING (-122.41410345270569 37.73710546098949, -122.414209783066 37.73592937612887)"
,22EXC-01996_04-20-2022.csv,GATES ST,CRESCENT AVE,END: 700-799 BLOCK,
13720000,22EXC-01996_04-20-2022.csv,WOOL ST,EUGENIA AVE,CORTLAND AVE,"LINESTRING (-122.41702720248077 37.74046672297582, -122.41713881885026 37.739121437774514)"
4495000,22EXC-02051_05-13-2022.csv,CRESCENT AVE,ELLSWORTH ST,GATES ST,"LINESTRING (-122.41493476320386 37.734793888187234, -122.41431267134155 37.734762792527505)"
6024000,22EXC-02051_05-13-2022.csv,GATES ST,CORTLAND AVE,JARBOE AVE,"LINESTRING (-122.41393770839481 37.738930424210146, -122.4139914393445 37.73834887524841)"
6025000,22EXC-02051_05-13-2022.csv,GATES ST,JARBOE AVE,TOMPKINS AVE,"LINESTRING (-122.4139914393445 37.73834887524841, -122.41410345270569 37.73710546098949)"
6026000,22EXC-02051_05-13-2022.csv,GATES ST,TOMPKINS AVE,OGDEN AVE,"LINESTRING (-122.41410345270569 37.73710546098949, -122.414209783066 37.73592937612887)"
,22EXC-02126_04-27-2022.csv,SICKLES AVE,CAYUGA AVE,Intersection,
11281000,22EXC-02142_04-28-2022.csv,SAGAMORE ST,PLYMOUTH AVE,CAPITOL AVE,"LINESTRING (-122.45603759773194 37.711407965136566, -122.45900546804307 37.71138732986694)"
11869000,22EXC-02142_04-28-2022.csv,SICKLES AVE,CAYUGA AVE,ALEMANY BLVD,"LINESTRING (-122.45454673980727 37.71020725350043, -122.45488512552275 37.71047855350066)"
11870000,22EXC-02142_04-28-2022.csv,SICKLES AVE,ALEMANY BLVD,ALEMANY BLVD,"LINESTRING (-122.45488512552275 37.71047855350066, -122.45515782834153 37.7106966615669)"
11871000,22EXC-02142_04-28-2022.csv,SICKLES AVE,ALEMANY BLVD,PLYMOUTH AVE \ SAN JOSE AVE,"LINESTRING (-122.45515782834153 37.7106966615669, -122.45581573833796 37.711222853427515)"
,22EXC-02142_04-28-2022.csv,SICKLES AVE,ALEMANY BLVD,Intersection,
4499000,22EXC-02290_05-19-2022.csv,CRESCENT AVE,PRENTISS ST,NEVADA ST,"LINESTRING (-122.41244733171455 37.73466953198396, -122.41182608955809 37.73463846531372)"
5713000,22EXC-02290_05-19-2022.csv,FOLSOM ST,TOMPKINS AVE,OGDEN AVE,"LINESTRING (-122.41347759700464 37.73706991115305, -122.41358399359906 37.73589319598028)"
9537000,22EXC-02290_05-19-2022.csv,NEVADA ST,JARBOE AVE,TOMPKINS AVE,"LINESTRING (-122.41150254082144 37.738209619403236, -122.41161850681854 37.73696429201499)"
9538000,22EXC-02290_05-19-2022.csv,NEVADA ST,TOMPKINS AVE,OGDEN AVE,"LINESTRING (-122.41161850681854 37.73696429201499, -122.41172370669848 37.73578562111193)"
2717000,22EXC-02389_05-12-2022.csv,BANKS ST,CORTLAND AVE,JARBOE AVE,"LINESTRING (-122.41265698575512 37.73931147133707, -122.41274598371392 37.738279197666714)"
2718000,22EXC-02389_05-12-2022.csv,BANKS ST,JARBOE AVE,TOMPKINS AVE,"LINESTRING (-122.41274598371392 37.738279197666714, -122.41285757198833 37.73703468871945)"
2719000,22EXC-02389_05-12-2022.csv,BANKS ST,TOMPKINS AVE,OGDEN AVE,"LINESTRING (-122.41285757198833 37.73703468871945, -122.412964036009 37.735857348616605)"
10759000,22EXC-02389_05-12-2022.csv,PRENTISS ST,OGDEN AVE,CRESCENT AVE,"LINESTRING (-122.41234452566134 37.73582152408696, -122.41244733171455 37.73466953198396)"
1532000,22EXC-02684_05-27-2022.csv,26TH ST,SAN JOSE AVE,GUERRERO ST,"LINESTRING (-122.42128445971392 37.7488504427396, -122.42257106199897 37.74877289779675)"
1536000,22EXC-02684_05-27-2022.csv,26TH ST,CHURCH ST,SANCHEZ ST,"LINESTRING (-122.42712275934515 37.74849582604563, -122.42934649918986 37.74836226426939)"
1673000,22EXC-02684_05-27-2022.csv,30TH ST,HARPER ST,NOE ST,"LINESTRING (-122.42994747311614 37.74189009465393, -122.43088787942531 37.74183312554524)"
9632000,22EXC-02684_05-27-2022.csv,NOE ST,26TH ST,CESAR CHAVEZ ST,"LINESTRING (-122.43155665055784 37.748229475235775, -122.43154174405738 37.748138286798344, -122.4314765317472 37.747434104676124)"
2717000,22EXC-02753_06-15-2022.csv,BANKS ST,CORTLAND AVE,JARBOE AVE,"LINESTRING (-122.41265698575512 37.73931147133707, -122.41274598371392 37.738279197666714)"
2720000,22EXC-02753_06-15-2022.csv,BANKS ST,OGDEN AVE,CRESCENT AVE,"LINESTRING (-122.412964036009 37.735857348616605, -122.41306863346666 37.73470059802454)"
7443000,22EXC-02753_06-15-2022.csv,JARBOE AVE,PRENTISS ST,NEVADA ST,"LINESTRING (-122.41212519900171 37.73824446301105, -122.41150254082144 37.738209619403236)"
10799000,22EXC-02753_06-15-2022.csv,PUTNAM ST,JARBOE AVE,TOMPKINS AVE,"LINESTRING (-122.410878941482 37.73815553769069, -122.41099808807488 37.73692903737446)"
12641000,22EXC-02753_06-15-2022.csv,TOMPKINS AVE,BRONTE ST,BRADFORD ST,"LINESTRING (-122.41037693989246 37.73689354527037, -122.4097618383481 37.73685839529567)"
,22EXC-02753_06-15-2022.csv,TOMPKINS AVE,BRADFORD ST,Intersection,
3852000,22EXC-02826_06-15-2022.csv,CAYUGA AVE,SICKLES AVE,REGENT ST,"LINESTRING (-122.45454673980727 37.71020725350043, -122.45580719577693 37.709213687915195)"
,22EXC-02826_06-15-2022.csv,SICKLES AVE,CAYUGA AVE,Intersection,
2269000,22EXC-03346_07-11-2022.csv,ANDERSON ST,EUGENIA AVE,CORTLAND AVE,"LINESTRING (-122.41516877608765 37.7403769776055, -122.41527783067681 37.738991234509875, -122.41518362700876 37.738932912879044)"
2270000,22EXC-03346_07-11-2022.csv,ANDERSON ST,CORTLAND AVE,JARBOE AVE,"LINESTRING (-122.41518362700876 37.738932912879044, -122.41522487573361 37.738417867195245)"
,22EXC-03346_07-11-2022.csv,CORTLAND AVE,ANDERSON ST,Intersection,
4428000,22EXC-03346_07-11-2022.csv,CORTLAND AVE,ANDERSON ST,ELLSWORTH ST,"LINESTRING (-122.41518362700876 37.738932912879044, -122.41466597970852 37.73888285163034, -122.41455885901247 37.73888148935177)"
2450000,22EXC-05932_12-30-2022.csv,ARLINGTON ST,HIGHLAND AVE,MIGUEL ST,"LINESTRING (-122.42551025141341 37.73775377932547, -122.4271555080193 37.73668495087245)"
11011001,22EXC-05932_12-30-2022.csv,MIGUEL ST,ARLINGTON ST,RICHLAND AVE,"LINESTRING (-122.4271555080193 37.73668495087245, -122.42699074222806 37.73652838306662)"
,22EXC-05932_12-30-2022.csv,MIGUEL ST,ARLINGTON ST,Intersection,
11011002,22EXC-05932_12-30-2022.csv,RICHLAND AVE,MIGUEL ST,MISSION ST,"LINESTRING (-122.42699074222806 37.73652838306662, -122.42620949101595 37.736074463044176, -122.42459524702825 37.735944168783824, -122.42446626286426 37.73606117180965)"
10799000,23EXC-00049_01-20-2023.csv,PUTNAM ST,JARBOE AVE,TOMPKINS AVE,"LINESTRING (-122.410878941482 37.73815553769069, -122.41099808807488 37.73692903737446)"
12640000,23EXC-00049_01-20-2023.csv,TOMPKINS AVE,PUTNAM ST,BRONTE ST,"LINESTRING (-122.41099808807488 37.73692903737446, -122.41037693989246 37.73689354527037)"
,23EXC-00049_01-20-2023.csv,TOMPKINS AVE,PUTNAM ST,Intersection,
,23EXC-00049_01-20-2023.csv,TOMPKINS AVE,PUTNAM ST,Intersection,
2450000,23EXC-00830_02-24-2023.csv,ARLINGTON ST,HIGHLAND AVE,MIGUEL ST,"LINESTRING (-122.42551025141341 37.73775377932547, -122.4271555080193 37.73668495087245)"
11011001,23EXC-00830_02-24-2023.csv,MIGUEL ST,ARLINGTON ST,RICHLAND AVE,"LINESTRING (-122.4271555080193 37.73668495087245, -122.42699074222806 37.73652838306662)"
,23EXC-00830_02-24-2023.csv,MIGUEL ST,ARLINGTON ST,Intersection,
11011002,23EXC-00830_02-24-2023.csv,RICHLAND AVE,MIGUEL ST,MISSION ST,"LINESTRING (-122.42699074222806 37.73652838306662, -122.42620949101595 37.736074463044176, -122.42459524702825 37.735944168783824, -122.42446626286426 37.73606117180965)"
10799000,23EXC-00881_02-27-2023.csv,PUTNAM ST,JARBOE AVE,TOMPKINS AVE,"LINESTRING (-122.410878941482 37.73815553769069, -122.41099808807488 37.73692903737446)"
12640000,23EXC-00881_02-27-2023.csv,TOMPKINS AVE,PUTNAM ST,BRONTE ST,"LINESTRING (-122.41099808807488 37.73692903737446, -122.41037693989246 37.73689354527037)"
,23EXC-00881_02-27-2023.csv,TOMPKINS AVE,PUTNAM ST,Intersection,
,23EXC-00881_02-27-2023.csv,TOMPKINS AVE,PUTNAM ST,Intersection,
10799000,23EXC-01591_06-06-2023.csv,PUTNAM ST,JARBOE AVE,TOMPKINS AVE,"LINESTRING (-122.410878941482 37.73815553769069, -122.41099808807488 37.73692903737446)"
12640000,23EXC-01591_06-06-2023.csv,TOMPKINS AVE,PUTNAM ST,BRONTE ST,"LINESTRING (-122.41099808807488 37.73692903737446, -122.41037693989246 37.73689354527037)"
,23EXC-01591_06-06-2023.csv,TOMPKINS AVE,PUTNAM ST,Intersection,
,23EXC-01591_06-06-2023.csv,TOMPKINS AVE,PUTNAM ST,Intersection,
